﻿X,Y,Incidentid,DateTime,Year,StreetName,CrossStreet,Distance,JunctionRelation,Totalinjuries,Totalfatalities,Injuryseverity,Collisionmanner,Lightcondition,Weather,SurfaceCondition,Unittype_One,Age_Drv1,Gender_Drv1,Traveldirection_One,Unitaction_One,Violation1_Drv1,AlcoholUse_Drv1,DrugUse_Drv1,Unittype_Two,Age_Drv2,Gender_Drv2,Traveldirection_Two,Unitaction_Two,Violation1_Drv2,AlcoholUse_Drv2,DrugUse_Drv2,Latitude,Longitude
-111.95458,33.39286,3288586,2017/10/03 02:44:00+00,2017,Southern Ave,Hardy Dr,-0.15,Not Junction Related,1,3,Fatal,Head On,Dark Lighted,Clear,Dry,Driver,57,Male,East,Going Straight Ahead,Speed To Fast For Conditions,Alcohol,No Apparent Influence,Driver,30,Female,West,Going Straight Ahead,No Improper Action,No Apparent Influence,No Apparent Influence,33.39286,-111.95458
-111.92865,33.37901,2793399,2013/08/17 21:22:00+00,2013,Rural Rd,Minton Dr,-330,Not Junction Related,3,2,Fatal,Sideswipe Same Direction,Daylight,Clear,Dry,Driver,32,Male,North,Going Straight Ahead,Inattention Distraction,No Apparent Influence,No Apparent Influence,Driver,41,Male,North,Going Straight Ahead,No Improper Action,No Apparent Influence,No Apparent Influence,33.37901,-111.92865
-111.97831,33.40005,3174608,2016/10/17 14:51:00+00,2016,48th St,Alameda Dr,0,Intersection Non Interchange,0,2,Fatal,Left Turn,Daylight,Clear,Dry,Driver,43,Male,South,Making Left Turn,Failed To Yield Right Of Way,Alcohol,No Apparent Influence,Driver,61,Male,North,Going Straight Ahead,No Improper Action,No Apparent Influence,No Apparent Influence,33.40005,-111.97831
-111.90056,33.39298,3492934,2019/02/21 14:40:00+00,2019,Southern Ave,Country Club Way,0,Intersection 4 Way 202,1,2,Fatal,Left Turn,Daylight,Rain,Wet,Driver,20,Male,West,Going Straight Ahead,Exceeded Lawful Speed,No Apparent Influence,No Apparent Influence,Driver,76,Male,East,Making Left Turn,No Improper Action,No Apparent Influence,No Apparent Influence,33.39298,-111.90056
-111.9607876,33.40787687,3908733,2021/11/18 02:10:00+00,2021,Priest Dr,Broadway Rd,166,Not Junction Related,0,2,Fatal,Other,Dark Lighted,Clear,Dry,Pedestrian,36,Male,West,Crossing Road,Failed To Yield Right Of Way,No Apparent Influence,Drugs,Driver,26,Male,South,Going Straight Ahead,No Improper Action,No Apparent Influence,No Apparent Influence,33.40787687,-111.9607876
-111.926285,33.4070897,4183398,2023/11/25 08:33:00+00,2023,Rural Rd,Broadway Rd,-150,Not Junction Related,1,2,Fatal,Single Vehicle,Dark Unknown Lighting,Unknown,Unknown,Driver,32,Male,Unknown,Going Straight Ahead,Exceeded Lawful Speed,Alcohol,No Apparent Influence,,,,,,,,,33.4070897,-111.926285
-111.89384,33.35406,2589984,2012/01/09 16:52:00+00,2012,Price Rd,Curry St,-99.792,Intersection Related Interchange,0,1,Fatal,Rear End,Daylight,Clear,Dry,Driver,63,Female,North,Going Straight Ahead,Unknown,No Apparent Influence,No Apparent Influence,Driver,39,Male,North,Making Right Turn,No Improper Action,No Apparent Influence,No Apparent Influence,33.35406,-111.89384
-111.95225,33.39285,2638556,2012/07/22 22:06:00+00,2012,Southern Ave,Hardy Dr,-83.952,Intersection Related Non Interchange,2,1,Fatal,Other,Daylight,Clear,Dry,Driver,71,Male,South,Making U Turn,Made Improper Turn,No Apparent Influence,No Apparent Influence,Driver,34,Female,West,Going Straight Ahead,No Improper Action,No Apparent Influence,No Apparent Influence,33.39285,-111.95225
-111.96048,33.43983,2664815,2012/08/26 05:38:00+00,2012,Priest Dr,State Route 202 Exit 5 J-Ramp,500.016,Not Junction Related,0,1,Fatal,Single Vehicle,Dark Lighted,Clear,Dry,Driver,37,Male,South,Negotiating A Curve,Exceeded Lawful Speed,Alcohol,No Apparent Influence,,,,,,,,,33.43983,-111.96048
-111.97833,33.39276,2734576,2013/02/01 20:18:00+00,2013,Southern Ave,48th St,0,Intersection Non Interchange,0,1,Fatal,Left Turn,Daylight,Clear,Dry,Driver,36,Male,West,Making Left Turn,Failed To Yield Right Of Way,No Apparent Influence,No Apparent Influence,Driver,47,Female,East,Going Straight Ahead,No Improper Action,No Apparent Influence,Drugs,33.39276,-111.97833
-111.92627,33.4075,2723650,2013/03/13 00:51:00+00,2013,Broadway Rd,Rural Rd,0,Intersection Non Interchange,0,1,Fatal,Left Turn,Daylight,Clear,Dry,Driver,32,Female,West,Making Left Turn,Failed To Yield Right Of Way,Alcohol,No Apparent Influence,Driver,21,Female,East,Going Straight Ahead,No Improper Action,No Apparent Influence,No Apparent Influence,33.4075,-111.92627
-111.91565,33.41476,2793398,2013/03/29 02:39:00+00,2013,Apache Blvd,Oak St,-426.096,Not Junction Related,0,1,Fatal,Other,Dark Lighted,Clear,Dry,Pedestrian,43,Male,South,Crossing Road,Failed To Yield Right Of Way,Alcohol,No Apparent Influence,Driver,19,Male,East,Going Straight Ahead,Speed To Fast For Conditions,No Apparent Influence,No Apparent Influence,33.41476,-111.91565
-111.97208,33.37821,2734581,2013/04/09 02:47:00+00,2013,Baseline Rd,Pointe Pkwy,-30.096,Intersection Related Non Interchange,0,1,Fatal,Other,Dark Lighted,Rain,Wet,Pedestrian,59,Male,South,Crossing Road,Disregarded Traffic Signal,No Apparent Influence,No Apparent Influence,Driver,32,Male,East,Going Straight Ahead,No Improper Action,No Apparent Influence,No Apparent Influence,33.37821,-111.97208
-111.95257,33.37821,2820774,2013/08/22 19:28:00+00,2013,Baseline Rd,Hardy Dr,-20.064,Intersection Related Non Interchange,4,1,Fatal,Rear End,Daylight,Clear,Dry,Driver,23,Male,East,Going Straight Ahead,Exceeded Lawful Speed,No Apparent Influence,No Apparent Influence,Driver,81,Male,East,Stopped In Trafficway,No Improper Action,No Apparent Influence,No Apparent Influence,33.37821,-111.95257
-111.92042,33.41476,2766609,2013/08/27 03:52:00+00,2013,Terrace Rd,Apache Blvd,0,Intersection Non Interchange,1,1,Fatal,Single Vehicle,Dark Lighted,Cloudy,Dry,Driver,21,Male,Southeast,Making Left Turn,Speed To Fast For Conditions,Alcohol,No Apparent Influence,,,,,,,,,33.41476,-111.92042
-111.90049,33.4221,2768355,2013/10/04 05:24:00+00,2013,University Dr,Smith Rd,0,Intersection Non Interchange,0,1,Fatal,Other,Dark Lighted,Clear,Dry,Pedalcyclist,36,Male,West,Going Straight Ahead,Other,Alcohol,No Apparent Influence,Driver,21,Male,Northeast,Making Right Turn,No Improper Action,No Apparent Influence,No Apparent Influence,33.4221,-111.90049
-111.96113,33.37824,2831708,2014/02/15 03:48:00+00,2014,Baseline Rd,Darrow Dr,0,Intersection Non Interchange,0,1,Fatal,Left Turn,Dark Lighted,Clear,Dry,Driver,19,Male,East,Making Left Turn,Unknown,No Apparent Influence,No Apparent Influence,Driver,26,Male,West,Going Straight Ahead,No Improper Action,No Apparent Influence,No Apparent Influence,33.37824,-111.96113
-111.8876,33.42209,2844566,2014/03/12 13:11:00+00,2014,University Dr,George Dr,-55,Not Junction Related,0,1,Fatal,Other,Dark Lighted,Clear,Dry,Pedestrian,83,Male,South,Crossing Road,Did Not Use Crosswalk,No Apparent Influence,No Apparent Influence,Driver,65,Male,East,Going Straight Ahead,No Improper Action,No Apparent Influence,No Apparent Influence,33.42209,-111.8876
-111.89489,33.37845,2845656,2014/04/03 15:47:00+00,2014,Baseline Rd,Bala Dr,90,Not Junction Related,0,1,Fatal,Single Vehicle,Daylight,Clear,Dry,Driver,23,Male,West,Going Straight Ahead,Speed To Fast For Conditions,No Apparent Influence,No Apparent Influence,,,,,,,,,33.37845,-111.89489
-111.92644,33.44399,2845686,2014/04/10 02:54:00+00,2014,Scottsdale Rd,Weber Dr,0,Intersection Non Interchange,1,1,Fatal,Left Turn,Dark Lighted,Clear,Dry,Driver,20,Male,South,Making Left Turn,Failed To Yield Right Of Way,No Apparent Influence,No Apparent Influence,Driver,28,Male,North,Going Straight Ahead,No Improper Action,Alcohol,No Apparent Influence,33.44399,-111.92644
-111.90926,33.37966,2864816,2014/05/13 02:57:00+00,2014,McClintock Dr,Baseline Rd,450,Driveway,0,1,Fatal,Other,Dark Lighted,Cloudy,Dry,Driver,20,Female,South,Making Left Turn,Made Improper Turn,No Apparent Influence,No Apparent Influence,Driver,38,Male,North,Going Straight Ahead,No Improper Action,No Apparent Influence,No Apparent Influence,33.37966,-111.90926
-111.94708,33.3782,2853957,2014/05/25 02:48:00+00,2014,Baseline Rd,Kyrene Rd,-334,Not Junction Related,0,1,Fatal,Other,Dark Lighted,Clear,Dry,Pedestrian,54,Female,North,Crossing Road,Failed To Yield Right Of Way,No Apparent Influence,Drugs,Driver,21,Male,East,Going Straight Ahead,No Improper Action,No Apparent Influence,No Apparent Influence,33.3782,-111.94708
-111.97834,33.39277,2846830,2014/06/07 04:14:00+00,2014,48th St,Southern Ave,0,Intersection Non Interchange,0,1,Fatal,ANGLE (Front To Side)(Other Than Left Turn),Dark Lighted,Clear,Dry,Driver,81,Female,East,Going Straight Ahead,Disregarded Traffic Signal,No Apparent Influence,No Apparent Influence,Driver,46,Male,South,Going Straight Ahead,No Improper Action,No Apparent Influence,No Apparent Influence,33.39277,-111.97834
-111.90913,33.41476,2885513,2014/06/14 20:13:00+00,2014,Apache Blvd,McClintock Dr,0,Intersection Non Interchange,5,1,Fatal,ANGLE (Front To Side)(Other Than Left Turn),Daylight,Clear,Dry,Driver,43,Male,North,Going Straight Ahead,Disregarded Traffic Signal,No Apparent Influence,No Apparent Influence,Driver,45,Female,West,Making Left Turn,No Improper Action,Alcohol,No Apparent Influence,33.41476,-111.90913
-111.95216,33.40739,2853277,2014/06/18 20:50:00+00,2014,Broadway Rd,Hardy Dr,0,Intersection Non Interchange,0,1,Fatal,Left Turn,Daylight,Clear,Dry,Driver,21,Male,East,Going Straight Ahead,Disregarded Traffic Signal,No Apparent Influence,No Apparent Influence,Driver,83,Female,West,Making Left Turn,No Improper Action,No Apparent Influence,No Apparent Influence,33.40739,-111.95216
-111.92645,33.44618,2885512,2014/08/08 03:27:00+00,2014,Scottsdale Rd,Hancock Ave,-175,Not Junction Related,0,1,Fatal,Other,Dark Unknown Lighting,Clear,Dry,Pedestrian,29,Male,West,Crossing Road,Failed To Yield Right Of Way,Alcohol,Drugs,Driver,113,Unknown,South,Going Straight Ahead,Speed To Fast For Conditions,No Apparent Influence,No Apparent Influence,33.44618,-111.92645
-111.89027,33.42931,2888458,2014/09/05 16:29:00+00,2014,Rio Salado Pkwy,SR-101 Exit 51 J-Ramp,0,Intersection Interchange,1,1,Fatal,Left Turn,Daylight,Clear,Dry,Driver,23,Male,East,Making Left Turn,Made Improper Turn,No Apparent Influence,No Apparent Influence,Driver,88,Female,West,Going Straight Ahead,No Improper Action,No Apparent Influence,No Apparent Influence,33.42931,-111.89027
-111.90912,33.41353,2902231,2014/09/13 03:03:00+00,2014,McClintock Dr,Apache Blvd,-450,Not Junction Related,0,1,Fatal,Other,Dark Lighted,Clear,Dry,Pedestrian,52,Male,East,Crossing Road,Did Not Use Crosswalk,Alcohol,No Apparent Influence,Driver,29,Male,North,Going Straight Ahead,No Improper Action,Alcohol,No Apparent Influence,33.41353,-111.90912
-111.93084,33.44023,2898562,2014/09/23 19:26:00+00,2014,Curry Rd,College Ave,0,Intersection Non Interchange,0,1,Fatal,Left Turn,Daylight,Cloudy,Dry,Driver,60,Male,East,Making Left Turn,Failed To Yield Right Of Way,No Apparent Influence,No Apparent Influence,Driver,51,Male,West,Going Straight Ahead,No Improper Action,No Apparent Influence,Drugs,33.44023,-111.93084
-111.96315,33.34965,2904168,2014/10/31 17:32:00+00,2014,Priest Dr,Elliot Rd,200,Not Junction Related,1,1,Fatal,Other,Daylight,Clear,Dry,Driver,26,Male,South,Changing Lanes,Unsafe Lane Change,No Apparent Influence,Drugs,Pedestrian,25,Female,South,Walking With Traffic,No Improper Action,No Apparent Influence,No Apparent Influence,33.34965,-111.96315
-111.87785,33.42213,2914813,2014/11/25 06:09:00+00,2014,University Dr,Dobson Rd,-0.2,Not Junction Related,0,1,Fatal,Other,Dark Lighted,Clear,Dry,Driver,30,Male,Northeast,Going Straight Ahead,Drove Rode In Opposing Traffic Lane,No Apparent Influence,No Apparent Influence,Pedestrian,27,Male,West,Walking With Traffic,No Improper Action,No Apparent Influence,No Apparent Influence,33.42213,-111.87785
-111.87994,33.42212,2967343,2015/03/21 02:27:00+00,2015,University Dr,Evergreen Rd,940,Not Junction Related,0,1,Fatal,Other,Dusk,Cloudy,Dry,Pedestrian,81,Male,North,Crossing Road,Failed To Yield Right Of Way,Alcohol,No Apparent Influence,Driver,33,Male,East,Going Straight Ahead,Speed To Fast For Conditions,No Apparent Influence,No Apparent Influence,33.42212,-111.87994
-111.93823,33.41497,2957523,2015/03/27 06:22:00+00,2015,Apache Blvd,13th St,0,Intersection Non Interchange,2,1,Fatal,Left Turn,Dark Lighted,Clear,Dry,Driver,30,Male,West,Making Left Turn,Failed To Yield Right Of Way,No Apparent Influence,No Apparent Influence,Driver,27,Male,East,Going Straight Ahead,No Improper Action,Alcohol,No Apparent Influence,33.41497,-111.93823
-111.90911,33.42244,2957525,2015/04/21 18:09:00+00,2015,McClintock Dr,University Dr,165,Driveway,0,1,Fatal,Other,Daylight,Clear,Dry,Driver,21,Male,South,Making Left Turn,Made Improper Turn,No Apparent Influence,No Apparent Influence,Driver,55,Male,North,Going Straight Ahead,No Improper Action,No Apparent Influence,No Apparent Influence,33.42244,-111.90911
-111.95508,33.44096,3053786,2015/11/27 10:01:00+00,2015,Washington St,Papago Dr,-185,Not Junction Related,1,1,Fatal,Single Vehicle,Dark Lighted,Clear,Dry,Driver,20,Male,West,Going Straight Ahead,Speed To Fast For Conditions,No Apparent Influence,No Apparent Influence,,,,,,,,,33.44096,-111.95508
-111.92647,33.45096,3053785,2015/12/20 02:50:00+00,2015,Scottsdale Rd,McKellips Rd,-103,Not Junction Related,0,1,Fatal,Other,Dark Lighted,Clear,Dry,Pedestrian,39,Female,East,Crossing Road,Did Not Use Crosswalk,Alcohol,No Apparent Influence,Driver,52,Male,South,Going Straight Ahead,No Improper Action,No Apparent Influence,No Apparent Influence,33.45096,-111.92647
-111.95464,33.42192,3061137,2016/01/18 08:48:00+00,2016,University Dr,Beck Ave,565,Not Junction Related,3,1,Fatal,Rear End,Dark Lighted,Clear,Dry,Driver,30,Male,West,Going Straight Ahead,Speed To Fast For Conditions,Alcohol,Drugs,Driver,20,Male,West,Going Straight Ahead,No Improper Action,No Apparent Influence,No Apparent Influence,33.42192,-111.95464
-111.96953,33.40925,3059128,2016/02/02 20:25:00+00,2016,Broadway Rd,I-10 Exit 153 C2-Ramp,0,Intersection Interchange,0,1,Fatal,Other,Daylight,Clear,Dry,Pedalcyclist,50,Male,East,Going Straight Ahead,Disregarded Traffic Signal,Alcohol,Drugs,Driver,65,Male,North,Going Straight Ahead,No Improper Action,No Apparent Influence,No Apparent Influence,33.40925,-111.96953
-111.90129,33.4075,3089514,2016/04/17 17:06:00+00,2016,Broadway Rd,Club Way,-235,Not Junction Related,0,1,Fatal,Single Vehicle,Daylight,Clear,Dry,Driver,22,Male,East,Going Straight Ahead,Speed To Fast For Conditions,No Apparent Influence,Drugs,,,,,,,,,33.4075,-111.90129
-111.90394,33.37845,3111173,2016/05/18 20:21:00+00,2016,Baseline Rd,Hazelton Ln,207,Driveway,0,1,Fatal,Other,Daylight,Clear,Dry,Driver,47,Female,South,Making Left Turn,Failed To Yield Right Of Way,No Apparent Influence,No Apparent Influence,Driver,27,Male,West,Going Straight Ahead,No Improper Action,No Apparent Influence,No Apparent Influence,33.37845,-111.90394
-111.9258,33.37826,3111197,2016/05/20 04:14:00+00,2016,Baseline Rd,Jentilly Ln,245,Not Junction Related,0,1,Fatal,Other,Dark Lighted,Clear,Dry,Pedestrian,61,Male,North,Crossing Road,Did Not Use Crosswalk,No Apparent Influence,No Apparent Influence,Driver,35,Female,East,Going Straight Ahead,No Improper Action,No Apparent Influence,No Apparent Influence,33.37826,-111.9258
-111.95894,33.33455,3120241,2016/06/20 05:07:00+00,2016,Warner Rd,Beck Ave,-97,Not Junction Related,1,1,Fatal,Single Vehicle,Dark Lighted,Clear,Dry,Driver,30,Male,East,Going Straight Ahead,Speed To Fast For Conditions,Alcohol,No Apparent Influence,,,,,,,,,33.33455,-111.95894
-111.94656,33.40737,3120242,2016/06/24 16:23:00+00,2016,Broadway Rd,Roosevelt St,395,Driveway,1,1,Fatal,Left Turn,Daylight,Clear,Dry,Driver,85,Female,East,Making Left Turn,Failed To Yield Right Of Way,No Apparent Influence,No Apparent Influence,Driver,55,Male,West,Going Straight Ahead,No Improper Action,No Apparent Influence,No Apparent Influence,33.40737,-111.94656
-111.8943,33.34826,3119133,2016/07/16 07:08:00+00,2016,Price Rd,Elliot Rd,-395,Frontage Road Interchange,0,1,Fatal,Single Vehicle,Dark Lighted,Clear,Dry,Driver,24,Male,North,Going Straight Ahead,Speed To Fast For Conditions,Alcohol,No Apparent Influence,,,,,,,,,33.34826,-111.8943
-111.96436,33.4306,3119130,2016/07/20 15:40:00+00,2016,Rio Salado Pkwy,Priest Dr,-0.23,Not Junction Related,0,1,Fatal,Single Vehicle,Daylight,Cloudy,Dry,Driver,31,Male,West,Negotiating A Curve,Speed To Fast For Conditions,No Apparent Influence,No Apparent Influence,,,,,,,,,33.4306,-111.96436
-111.89362,33.37846,3131876,2016/08/03 17:38:00+00,2016,Baseline Rd,Price Rd Non-Cardinal,0,Intersection Interchange,2,1,Fatal,ANGLE (Front To Side)(Other Than Left Turn),Daylight,Clear,Dry,Driver,65,Female,West,Going Straight Ahead,Disregarded Traffic Signal,No Apparent Influence,No Apparent Influence,Driver,72,Male,South,Going Straight Ahead,No Improper Action,No Apparent Influence,No Apparent Influence,33.37846,-111.89362
-111.92633,33.39296,3164500,2016/09/09 18:25:00+00,2016,Southern Ave,Rural Rd,0,Intersection Non Interchange,2,1,Fatal,Left Turn,Daylight,Clear,Dry,Driver,77,Female,East,Making Left Turn,Failed To Yield Right Of Way,No Apparent Influence,No Apparent Influence,Driver,24,Male,West,Going Straight Ahead,No Improper Action,No Apparent Influence,No Apparent Influence,33.39296,-111.92633
-111.91623,33.4075,3174616,2016/10/07 16:00:00+00,2016,Broadway Rd,Dorsey Ln,448,Not Junction Related,1,1,Fatal,Rear End,Daylight,Clear,Dry,Driver,24,Male,West,Going Straight Ahead,Speed To Fast For Conditions,No Apparent Influence,No Apparent Influence,Driver,29,Female,West,Slowing In Trafficway,No Improper Action,No Apparent Influence,No Apparent Influence,33.4075,-111.91623
-111.97233,33.3928,3174609,2016/11/10 04:08:00+00,2016,Southern Ave,Potter Dr,0,Intersection Non Interchange,0,1,Fatal,Single Vehicle,Dark Lighted,Clear,Dry,Driver,60,Male,East,Going Straight Ahead,Speed To Fast For Conditions,Alcohol,No Apparent Influence,,,,,,,,,33.3928,-111.97233
-111.97829,33.40733,3174606,2016/11/13 02:53:00+00,2016,Broadway Rd,48th St,0,Intersection Non Interchange,1,1,Fatal,ANGLE (Front To Side)(Other Than Left Turn),Dark Lighted,Clear,Dry,Driver,35,Male,West,Going Straight Ahead,Disregarded Traffic Signal,Alcohol,No Apparent Influence,Driver,31,Male,South,Going Straight Ahead,No Improper Action,No Apparent Influence,No Apparent Influence,33.40733,-111.97829
-111.95184,33.40739,3193594,2016/12/07 22:40:00+00,2016,Broadway Rd,Hardy Dr,100,Not Junction Related,0,1,Fatal,Other,Daylight,Clear,Dry,Pedestrian,48,Male,South,Crossing Road,Failed To Yield Right Of Way,Alcohol,No Apparent Influence,Driver,22,Male,East,Going Straight Ahead,No Improper Action,No Apparent Influence,No Apparent Influence,33.40739,-111.95184
-111.90592,33.4075,3288585,2017/04/30 05:38:00+00,2017,Broadway Rd,Kachina Dr,244,Not Junction Related,0,1,Fatal,Other,Dark Lighted,Clear,Dry,Pedestrian,69,Male,North,Crossing Road,Unknown,No Apparent Influence,No Apparent Influence,Driver,30,Male,West,Going Straight Ahead,Unknown,No Apparent Influence,No Apparent Influence,33.4075,-111.90592
-111.89398,33.35651,3270951,2017/06/09 15:05:00+00,2017,Price Rd,Curry St,0.15,Frontage Road Interchange,0,1,Fatal,ANGLE (Front To Side)(Other Than Left Turn),Daylight,Clear,Dry,Driver,74,Male,East,Making Left Turn,Other,No Apparent Influence,No Apparent Influence,Driver,53,Male,North,Going Straight Ahead,Other,Alcohol,No Apparent Influence,33.35651,-111.89398
-111.97659,33.39278,3262474,2017/06/16 06:03:00+00,2017,Southern Ave,Fair Ln,-178,Not Junction Related,3,1,Fatal,Other,Dark Lighted,Clear,Dry,Driver,17,Male,West,Going Straight Ahead,Speed To Fast For Conditions,No Apparent Influence,No Apparent Influence,Pedestrian,49,Male,Unknown,Unknown,No Improper Action,Alcohol,No Apparent Influence,33.39278,-111.97659
-111.88844,33.39299,3277120,2017/06/25 04:45:00+00,2017,Southern Ave,George Dr,-227,Not Junction Related,0,1,Fatal,Other,Dark Lighted,Cloudy,Dry,Pedestrian,50,Male,Unknown,Unknown,Did Not Use Crosswalk,No Apparent Influence,No Apparent Influence,Driver,24,Male,East,Going Straight Ahead,No Improper Action,No Apparent Influence,Drugs,33.39299,-111.88844
-111.94262,33.37823,3310802,2017/06/26 04:54:00+00,2017,Baseline Rd,Kyrene Rd,387,Not Junction Related,0,1,Fatal,Single Vehicle,Dark Lighted,Clear,Dry,Driver,18,Male,West,Changing Lanes,Speed To Fast For Conditions,Alcohol,Drugs,,,,,,,,,33.37823,-111.94262
-111.89927,33.37625,3263628,2017/07/04 10:34:00+00,2017,Clark Dr,Harvard Dr,0,Intersection Non Interchange,0,1,Fatal,Rear End,Dark Lighted,Clear,Dry,Driver,35,Male,South,Going Straight Ahead,Speed To Fast For Conditions,Alcohol,No Apparent Influence,Driverless,,,South,Properly Parked,,,,33.37625,-111.89927
-111.92633,33.39296,3255239,2017/07/08 23:21:00+00,2017,Southern Ave,Rural Rd,0,Intersection Non Interchange,2,1,Fatal,Left Turn,Daylight,Clear,Dry,Driver,26,Male,West,Making Left Turn,Failed To Yield Right Of Way,Alcohol,No Apparent Influence,Driver,87,Female,East,Going Straight Ahead,No Improper Action,No Apparent Influence,No Apparent Influence,33.39296,-111.92633
-111.92595,33.37826,3296801,2017/07/19 03:44:00+00,2017,Baseline Rd,Jentilly Ln,200,Not Junction Related,0,1,Fatal,Other,Dark Lighted,Clear,Dry,Pedestrian,66,Male,North,Crossing Road,Did Not Use Crosswalk,No Apparent Influence,No Apparent Influence,Driver,60,Female,East,Going Straight Ahead,No Improper Action,No Apparent Influence,No Apparent Influence,33.37826,-111.92595
-111.96081,33.41149,3277121,2017/08/01 02:51:00+00,2017,Priest Dr,16th St,0,Intersection Non Interchange,0,1,Fatal,ANGLE (Front To Side)(Other Than Left Turn),Dark Lighted,Cloudy,Dry,Driver,38,Male,West,Making Left Turn,Failed To Yield Right Of Way,Alcohol,No Apparent Influence,Driver,37,Male,North,Going Straight Ahead,No Improper Action,Alcohol,No Apparent Influence,33.41149,-111.96081
-111.90454,33.37844,3285024,2017/09/26 18:20:00+00,2017,Baseline Rd,Hazelton Ln,22,Intersection Related Non Interchange,1,1,Fatal,Other,Daylight,Clear,Dry,Driver,25,Male,South,Making Left Turn,Failed To Yield Right Of Way,No Apparent Influence,No Apparent Influence,Pedestrian,58,Female,North,Crossing Road,No Improper Action,No Apparent Influence,No Apparent Influence,33.37844,-111.90454
-111.92628,33.41003,3304570,2017/11/16 23:05:00+00,2017,Rural Rd,Vista Del Cerro Dr,-32,Intersection Related Non Interchange,0,1,Fatal,Other,Daylight,Cloudy,Dry,Pedalcyclist,28,Male,East,Crossing Road,Failed To Yield Right Of Way,No Apparent Influence,No Apparent Influence,Driver,20,Male,West,Making Left Turn,No Improper Action,No Apparent Influence,No Apparent Influence,33.41003,-111.92628
-111.95258,33.40375,3326970,2017/11/21 01:44:00+00,2017,23rd St,Hardy Dr,-130,Intersection Related Non Interchange,0,1,Fatal,Other,Dark Lighted,Clear,Dry,Driver,35,Male,West,Backing,Other,No Apparent Influence,No Apparent Influence,Driver,45,Male,East,Stopped In Trafficway,No Improper Action,No Apparent Influence,No Apparent Influence,33.40375,-111.95258
-111.88759,33.39301,3314738,2017/11/29 01:34:00+00,2017,Southern Ave,George Dr,31,Intersection Related Non Interchange,0,1,Fatal,Other,Dark Lighted,Cloudy,Dry,Pedestrian,72,Male,North,Crossing Road,Failed To Yield Right Of Way,No Apparent Influence,No Apparent Influence,Driver,27,Male,West,Going Straight Ahead,No Improper Action,No Apparent Influence,No Apparent Influence,33.39301,-111.88759
-111.9285,33.37825,3334917,2018/01/24 05:05:00+00,2018,Baseline Rd,Rural Rd,57,Intersection Related Non Interchange,1,1,Fatal,Other,Dark Lighted,Clear,Dry,Pedestrian,68,Male,South,Crossing Road,Disregarded Traffic Signal,No Apparent Influence,No Apparent Influence,Driver,20,Female,East,Going Straight Ahead,No Improper Action,No Apparent Influence,No Apparent Influence,33.37825,-111.9285
-111.96268,33.37824,3374293,2018/03/12 18:30:00+00,2018,Baseline Rd,Priest Dr,150,Driveway,0,1,Fatal,Other,Daylight,Clear,Dry,Driver,86,Male,North,Going Straight Ahead,Unknown,No Apparent Influence,No Apparent Influence,Pedestrian,52,Female,Unknown,Unknown,No Improper Action,No Apparent Influence,No Apparent Influence,33.37824,-111.96268
-111.94276,33.43664,3372315,2018/03/19 05:00:00+00,2018,Mill Ave,Curry Rd,-398,Not Junction Related,0,1,Fatal,ANGLE (Front To Side)(Other Than Left Turn),Dark Lighted,Cloudy,Dry,Pedestrian,49,Female,East,Crossing Road,Failed To Yield Right Of Way,No Apparent Influence,Drugs,Driver,44,Male,North,Slowing In Trafficway,Speed To Fast For Conditions,No Apparent Influence,No Apparent Influence,33.43664,-111.94276
-111.93981,33.4157,3383542,2018/04/11 07:46:00+00,2018,Mill Ave,13th St,350,206,0,1,Fatal,Single Vehicle,Dark Lighted,Cloudy,Dry,Driver,30,Male,North,Negotiating A Curve,Speed To Fast For Conditions,Alcohol,No Apparent Influence,,,,,,,,,33.4157,-111.93981
-111.92641,33.38945,3390006,2018/04/26 19:57:00+00,2018,Rural Rd,La Jolla Dr,27,Intersection Related Non Interchange,0,1,Fatal,Other,Daylight,Clear,Dry,Pedestrian,78,Female,West,Other,Failed To Yield Right Of Way,No Apparent Influence,No Apparent Influence,Driver,21,Male,North,Going Straight Ahead,Speed To Fast For Conditions,No Apparent Influence,No Apparent Influence,33.38945,-111.92641
-111.89366,33.42205,3392662,2018/05/16 18:35:00+00,2018,University Dr,Price Rd,-521,Driveway,0,1,Fatal,ANGLE (Front To Side)(Other Than Left Turn),Daylight,Clear,Dry,Driver,33,Male,South,Making Left Turn,Failed To Yield Right Of Way,No Apparent Influence,No Apparent Influence,Driver,68,Male,West,Going Straight Ahead,No Improper Action,No Apparent Influence,No Apparent Influence,33.42205,-111.89366
-111.9263,33.43823,3423475,2018/09/22 07:06:00+00,2018,Scottsdale Rd,Gilbert Dr,242,Not Junction Related,0,1,Fatal,Other,Dark Not Lighted,Cloudy,Dry,Pedestrian,65,Female,West,Crossing Road,Failed To Yield Right Of Way,Alcohol,No Apparent Influence,Driver,43,Male,South,Going Straight Ahead,No Improper Action,No Apparent Influence,No Apparent Influence,33.43823,-111.9263
-111.96798,33.3965,3445704,2018/09/23 11:46:00+00,2018,Diablo Way,Fairmont Dr,0,203,1,1,Fatal,Single Vehicle,Dark Lighted,Cloudy,Dry,Driver,36,Male,South,Going Straight Ahead,Failed To Keep In Proper Lane,No Apparent Influence,Drugs,,,,,,,,,33.3965,-111.96798
-111.92641,33.45487,3456258,2018/10/03 20:19:00+00,2018,Scottsdale Rd,Fillmore St,0,203,0,1,Fatal,ANGLE (Front To Side)(Other Than Left Turn),Daylight,Cloudy,Dry,Driver,73,Male,East,Making Left Turn,Failed To Yield Right Of Way,No Apparent Influence,No Apparent Influence,Driver,28,Male,South,Going Straight Ahead,No Improper Action,No Apparent Influence,No Apparent Influence,33.45487,-111.92641
-111.9091,33.41952,3456513,2018/11/12 01:34:00+00,2018,McClintock Dr,8th St,0,203,0,1,Fatal,Single Vehicle,Dark Lighted,Clear,Dry,Driver,46,Male,South,Slowing In Trafficway,Speed To Fast For Conditions,Alcohol,No Apparent Influence,,,,,,,,,33.41952,-111.9091
-111.95796,33.34914,3455232,2018/11/18 20:54:00+00,2018,Elliot Rd,Beck Ave,0,202,2,1,Fatal,Left Turn,Daylight,Clear,Dry,Driver,61,Female,East,Making Left Turn,Failed To Yield Right Of Way,No Apparent Influence,No Apparent Influence,Driver,42,Male,West,Going Straight Ahead,No Improper Action,No Apparent Influence,No Apparent Influence,33.34914,-111.95796
-111.89033,33.40748,3469799,2018/11/22 22:25:00+00,2018,Broadway Rd,Price Rd,0,202,1,1,Fatal,ANGLE (Front To Side)(Other Than Left Turn),Daylight,Unknown,Unknown,Driver,39,Male,East,Unknown,Disregarded Traffic Signal,No Apparent Influence,No Apparent Influence,Driver,63,Male,North,Unknown,Unknown,No Apparent Influence,No Apparent Influence,33.40748,-111.89033
-111.93492,33.39291,3491474,2018/12/02 00:13:00+00,2018,Southern Ave,College Ave,0,202,3,1,Fatal,Left Turn,Daylight,Cloudy,Dry,Driver,49,Male,West,Going Straight Ahead,Speed To Fast For Conditions,No Apparent Influence,No Apparent Influence,Driver,62,Male,East,Making Left Turn,Failed To Yield Right Of Way,Alcohol,No Apparent Influence,33.39291,-111.93492
-111.96953,33.40925,3459258,2018/12/07 03:36:00+00,2018,Broadway Rd,52nd St,0,202,0,1,Fatal,ANGLE (Front To Side)(Other Than Left Turn),Dark Lighted,Cloudy,Dry,Pedalcyclist,59,Male,South,Going Straight Ahead,Disregarded Traffic Signal,Alcohol,Drugs,Driver,29,Male,West,Going Straight Ahead,No Improper Action,No Apparent Influence,No Apparent Influence,33.40925,-111.96953
-111.95216,33.40723,3487762,2018/12/12 23:48:00+00,2018,Hardy Dr,Broadway Rd,-61,206,0,1,Fatal,Other,Daylight,Clear,Dry,Pedestrian,56,Male,East,Crossing Road,Failed To Yield Right Of Way,Alcohol,No Apparent Influence,Driver,62,Male,East,Making Right Turn,No Improper Action,No Apparent Influence,No Apparent Influence,33.40723,-111.95216
-111.9286,33.36375,3471752,2018/12/20 18:56:00+00,2018,Guadalupe Rd,Rural Rd,0,202,0,1,Fatal,Left Turn,Daylight,Clear,Dry,Driver,33,Female,West,Making Left Turn,Failed To Yield Right Of Way,No Apparent Influence,No Apparent Influence,Driver,19,Male,East,Going Straight Ahead,No Improper Action,No Apparent Influence,No Apparent Influence,33.36375,-111.9286
-111.93236,33.4402,3512530,2019/01/23 13:14:00+00,2019,Curry Rd,College Ave,-463,Not Junction Related,0,1,Fatal,Other,Dark Lighted,Clear,Dry,Driver,22,Female,East,Going Straight Ahead,Speed To Fast For Conditions,No Apparent Influence,No Apparent Influence,Pedalcyclist,66,Male,East,Changing Lanes,Unsafe Lane Change,No Apparent Influence,No Apparent Influence,33.4402,-111.93236
-111.9715,33.37822,3522927,2019/03/10 03:00:00+00,2019,Baseline Rd,Pointe Pkwy,150,Unknown,2,1,Fatal,Unknown,Dark Unknown Lighting,Unknown,Unknown,Driver,78,Male,South,Unknown,Unknown,No Apparent Influence,Drugs,Driver,118,Unknown,West,Unknown,Unknown,No Apparent Influence,No Apparent Influence,33.37822,-111.9715
-111.97152,33.37822,3617462,2019/03/10 03:07:00+00,2019,Baseline Rd,Pointe Pkwy,144,Not Junction Related,3,1,Fatal,Head On,Dark Lighted,Clear,Dry,Driver,78,Male,East,Going Straight Ahead,Drove Left Of Center Line,No Apparent Influence,Drugs,Driver,61,Male,West,Going Straight Ahead,No Improper Action,No Apparent Influence,No Apparent Influence,33.37822,-111.97152
-111.94573,33.3492,3532437,2019/03/28 06:11:00+00,2019,Elliot Rd,Kyrene Rd,0,Intersection 4 Way 202,1,1,Fatal,Left Turn,Dark Lighted,Clear,Dry,Driver,28,Male,West,Going Straight Ahead,Exceeded Lawful Speed,Alcohol,No Apparent Influence,Driver,74,Female,East,Making Left Turn,Failed To Yield Right Of Way,No Apparent Influence,No Apparent Influence,33.3492,-111.94573
-111.93745,33.4392,3541576,2019/04/17 00:38:00+00,2019,Curry Rd,E Lakeview Dr,0.25,Not Junction Related,0,1,Fatal,Other,Daylight,Clear,Dry,Pedestrian,24,Male,North,Crossing Road,Failed To Yield Right Of Way,No Apparent Influence,No Apparent Influence,Driver,21,Female,West,Going Straight Ahead,No Improper Action,No Apparent Influence,No Apparent Influence,33.4392,-111.93745
-111.90465,33.39297,3651183,2019/06/22 14:52:00+00,2019,Southern Ave,Los Feliz Dr,62,Intersection Related 206,1,1,Fatal,Single Vehicle,Daylight,Clear,Dry,Driver,27,Female,West,Going Straight Ahead,Failed To Keep In Proper Lane,No Apparent Influence,Drugs,,,,,,,,,33.39297,-111.90465
-111.90485,33.39297,3561751,2019/06/22 15:00:00+00,2019,Southern Ave,Los Feliz Dr,0,Unknown,0,1,Fatal,Single Vehicle,Daylight,Unknown,Unknown,Driver,118,Unknown,West,Unknown,Unknown,No Apparent Influence,No Apparent Influence,,,,,,,,,33.39297,-111.90485
-111.90872,33.4075,3544138,2019/07/07 22:36:00+00,2019,Broadway Rd,McClintock Dr,124,Driveway Or Alley,0,1,Fatal,Angle - Other Than Left Turn 2,Daylight,Clear,Dry,Driver,23,Male,South,Making Left Turn,Failed To Yield Right Of Way,No Apparent Influence,No Apparent Influence,Driver,78,Male,West,Going Straight Ahead,No Improper Action,No Apparent Influence,No Apparent Influence,33.4075,-111.90872
-111.96079,33.40967,3635654,2019/07/09 05:14:00+00,2019,Priest Dr,17th St,-38,Not Junction Related,0,1,Fatal,Other,Dark Lighted,Clear,Dry,Pedestrian,22,Female,Unknown,Crossing Road,Failed To Yield Right Of Way,No Apparent Influence,No Apparent Influence,Driver,20,Female,South,Going Straight Ahead,No Improper Action,No Apparent Influence,No Apparent Influence,33.40967,-111.96079
-111.94264,33.39534,3651195,2020/02/02 01:41:00+00,2020,Dromedary Dr,Geneva Dr,-200,Not Junction Related,1,1,Fatal,Other,Dark Lighted,Clear,Dry,Driver,25,Male,South,Going Straight Ahead,Speed To Fast For Conditions,Alcohol,No Apparent Influence,Driverless,,,South,Properly Parked,,,,33.39534,-111.94264
-111.93505,33.42196,3651196,2020/02/16 09:28:00+00,2020,University Dr,College Ave,-26,Intersection Related 206,1,1,Fatal,Other,Dark Lighted,Clear,Dry,Pedestrian,42,Female,North,Crossing Road,Disregarded Traffic Signal,Alcohol,No Apparent Influence,Driver,36,Male,West,Going Straight Ahead,No Improper Action,No Apparent Influence,Drugs,33.42196,-111.93505
-111.92626,33.43403,3651202,2020/03/09 09:12:00+00,2020,Scottsdale Rd,Playa Del Norte Dr,0,Intersection Related 206,1,1,Fatal,Other,Daylight,Clear,Dry,Driver,23,Male,North,Going Straight Ahead,Failed To Keep In Proper Lane,Alcohol,Drugs,Driver,46,Male,North,Going Straight Ahead,No Improper Action,No Apparent Influence,No Apparent Influence,33.43403,-111.92626
-111.94483,33.33461,3685575,2020/03/11 03:09:00+00,2020,Warner Rd,Kyrene Rd,252,Not Junction Related,0,1,Fatal,Other,Dark Lighted,Rain,Wet,Pedestrian,60,Male,North,Crossing Road,Failed To Yield Right Of Way,No Apparent Influence,No Apparent Influence,Driver,23,Male,East,Going Straight Ahead,No Improper Action,No Apparent Influence,No Apparent Influence,33.33461,-111.94483
-111.90052,33.40749,3666774,2020/05/09 15:24:00+00,2020,Broadway Rd,Country Club Way,0,Intersection 4 Way 202,2,1,Fatal,Angle - Other Than Left Turn 2,Daylight,Clear,Dry,Driver,45,Male,South,Making Left Turn,Failed To Yield Right Of Way,No Apparent Influence,No Apparent Influence,Driver,36,Male,West,Going Straight Ahead,No Improper Action,Alcohol,No Apparent Influence,33.40749,-111.90052
-111.89721,33.37831,3656841,2020/05/16 02:08:00+00,2020,River Dr,Baseline Rd,-50,Intersection Related 206,0,1,Fatal,Other,Daylight,Clear,Dry,Pedalcyclist,33,Male,East,Going Straight Ahead,Failed To Yield Right Of Way,Alcohol,No Apparent Influence,Driver,69,Female,North,Stopped In Trafficway,No Improper Action,No Apparent Influence,No Apparent Influence,33.37831,-111.89721
-111.9367,33.43946,3666623,2020/05/20 05:14:00+00,2020,Curry Rd,College Ave,-1850,Not Junction Related,0,1,Fatal,Single Vehicle,Dark Lighted,Clear,Dry,Driver,18,Male,East,Negotiating A Curve,Speed To Fast For Conditions,No Apparent Influence,No Apparent Influence,,,,,,,,,33.43946,-111.9367
-111.93967,33.39745,3663894,2020/05/22 03:54:00+00,2020,Mill Ave,Del Rio Dr,-132,Not Junction Related,0,1,Fatal,Other,Dark Lighted,Clear,Dry,Pedestrian,77,Female,East,Crossing Road,Failed To Yield Right Of Way,No Apparent Influence,No Apparent Influence,Driver,31,Male,North,Going Straight Ahead,Speed To Fast For Conditions,Alcohol,No Apparent Influence,33.39745,-111.93967
-111.94317,33.34921,3704697,2020/06/04 00:24:00+00,2020,Elliot Rd,Kyrene Rd,783,Not Junction Related,0,1,Fatal,Single Vehicle,Daylight,Clear,Dry,Driver,25,Female,West,Going Straight Ahead,Exceeded Lawful Speed,Alcohol,Drugs,,,,,,,,,33.34921,-111.94317
-111.92646,33.44745,3692885,2020/08/01 13:06:00+00,2020,Scottsdale Rd,Hancock Ave,287,Not Junction Related,0,1,Fatal,Other,Daylight,Clear,Dry,Pedestrian,70,Male,East,Crossing Road,Failed To Yield Right Of Way,No Apparent Influence,No Apparent Influence,Driver,54,Male,South,Going Straight Ahead,No Improper Action,No Apparent Influence,No Apparent Influence,33.44745,-111.92646
-111.89203,33.39296,3692884,2020/09/17 17:03:00+00,2020,Price Rd,Southern Ave,0,Intersection 4 Way 202,1,1,Fatal,Angle - Other Than Left Turn 2,Daylight,Clear,Dry,Driver,60,Female,West,Going Straight Ahead,Disregarded Traffic Signal,No Apparent Influence,No Apparent Influence,Driver,58,Male,South,Going Straight Ahead,Disregarded Traffic Signal,No Apparent Influence,No Apparent Influence,33.39296,-111.89203
-111.91118,33.33464,3720566,2020/10/20 12:18:00+00,2020,Warner Rd,McClintock Dr,0,Intersection 4 Way 202,0,1,Fatal,Left Turn,Dawn,Clear,Dry,Driver,71,Male,East,Making Left Turn,Failed To Yield Right Of Way,No Apparent Influence,No Apparent Influence,Driver,41,Male,West,Going Straight Ahead,No Improper Action,No Apparent Influence,No Apparent Influence,33.33464,-111.91118
-111.9451122,33.43734766,3728489,2021/01/03 07:17:00+00,2021,Washington St,W Lakeview Dr,-100,Not Junction Related,0,1,Fatal,Single Vehicle,Dark Lighted,Clear,Dry,Driver,28,Male,East,Going Straight Ahead,Speed To Fast For Conditions,Alcohol,No Apparent Influence,,,,,,,,,33.43734766,-111.9451122
-111.9349903,33.44013311,3788778,2021/01/17 02:10:00+00,2021,Curry Rd,College Ave,0,Not Junction Related,0,1,Fatal,Single Vehicle,Dark Lighted,Clear,Dry,Driver,28,Male,East,Going Straight Ahead,Speed To Fast For Conditions,No Apparent Influence,No Apparent Influence,,,,,,,,,33.44013311,-111.9349903
-111.952283,33.40739359,3749195,2021/01/30 06:52:00+00,2021,Broadway Rd,Hardy Dr,-36,Intersection Related 206,0,1,Fatal,Other,Dark Lighted,Cloudy,Wet,Driver,19,Male,East,Going Straight Ahead,Other,No Apparent Influence,No Apparent Influence,Pedestrian,61,Female,South,Crossing Road,No Improper Action,No Apparent Influence,No Apparent Influence,33.40739359,-111.952283
-111.9237158,33.44040833,3788783,2021/02/20 00:13:00+00,2021,Curry Rd,Mary St,0,Intersection T Inter 203,0,1,Fatal,Other,Daylight,Clear,Dry,Pedalcyclist,58,Male,West,Changing Lanes,Unsafe Lane Change,No Apparent Influence,No Apparent Influence,Driver,38,Male,West,Going Straight Ahead,No Improper Action,No Apparent Influence,No Apparent Influence,33.44040833,-111.9237158
-111.945481,33.37820182,3788784,2021/02/22 01:26:00+00,2021,Baseline Rd,Kyrene Rd,155,Intersection Related 206,1,1,Fatal,Other,Dusk,Clear,Dry,Pedalcyclist,51,Male,West,Changing Lanes,Failed To Yield Right Of Way,No Apparent Influence,No Apparent Influence,Driver,28,Male,West,Going Straight Ahead,No Improper Action,No Apparent Influence,No Apparent Influence,33.37820182,-111.945481
-111.9393656,33.37821114,3816808,2021/04/03 02:30:00+00,2021,Mill Ave,Baseline Rd,0,Intersection Related 206,0,1,Fatal,Other,Unknown 51,Unknown,Unknown,Driver,40,Male,North,Making Left Turn,Unknown,No Apparent Influence,No Apparent Influence,Pedalcyclist,41,Female,Unknown,Crossing Road,Unknown,No Apparent Influence,No Apparent Influence,33.37821114,-111.9393656
-111.9393984,33.378212,3858440,2021/04/03 02:34:00+00,2021,Baseline Rd,Mill Ave,-10,Intersection Related 206,0,1,Fatal,Other,Dark Lighted,Clear,Dry,Driver,40,Male,North,Making Left Turn,Other,Alcohol,No Apparent Influence,Pedalcyclist,41,Female,South,Going Straight Ahead,No Improper Action,No Apparent Influence,No Apparent Influence,33.378212,-111.9393984
-111.9091097,33.4224298,3792496,2021/05/12 04:38:00+00,2021,McClintock Dr,University Dr,163,Driveway Or Alley,0,1,Fatal,Angle - Other Than Left Turn 2,Dark Lighted,Clear,Dry,Driver,23,Male,West,Making Left Turn,Failed To Yield Right Of Way,No Apparent Influence,No Apparent Influence,Driver,23,Female,North,Going Straight Ahead,No Improper Action,No Apparent Influence,No Apparent Influence,33.4224298,-111.9091097
-111.9366553,33.42195027,3913376,2021/06/20 18:00:00+00,2021,University Dr,Forest Ave,0,Unknown,0,1,Fatal,Other,Unknown 51,Unknown,Unknown,Pedestrian,30,Male,Unknown,Unknown,Unknown,No Apparent Influence,No Apparent Influence,Driver,120,Male,Unknown,Unknown,Unknown,No Apparent Influence,No Apparent Influence,33.42195027,-111.9366553
-111.9395872,33.39208082,3801934,2021/07/11 20:08:00+00,2021,Mill Ave,Southern Ave,-285,Driveway Or Alley,1,1,Fatal,Left Turn,Daylight,Clear,Dry,Driver,91,Female,North,Making Left Turn,Failed To Yield Right Of Way,No Apparent Influence,No Apparent Influence,Driver,55,Male,South,Going Straight Ahead,No Improper Action,No Apparent Influence,No Apparent Influence,33.39208082,-111.9395872
-111.9094829,33.44343885,3927486,2021/08/13 12:00:00+00,2021,McClintock Dr,Weber Dr,-210,Not Junction Related,0,1,Fatal,Other,Dark Lighted,Clear,Dry,Driver,120,Unknown,South,Going Straight Ahead,Unknown,No Apparent Influence,No Apparent Influence,Pedestrian,27,Male,Unknown,Lying,No Improper Action,Alcohol,No Apparent Influence,33.44343885,-111.9094829
-111.9467885,33.40737345,3876605,2021/10/17 04:43:00+00,2021,Broadway Rd,Roosevelt St,325,Not Junction Related,0,1,Fatal,Other,Dark Lighted,Clear,Dry,Pedestrian,53,Female,South,Crossing Road,Failed To Yield Right Of Way,No Apparent Influence,No Apparent Influence,Driver,56,Male,East,Going Straight Ahead,No Improper Action,No Apparent Influence,No Apparent Influence,33.40737345,-111.9467885
-111.9331388,33.4293907,3925783,2021/10/20 08:01:00+00,2021,Rio Salado Pkwy,Packard Dr,0,Not Junction Related,0,1,Fatal,Single Vehicle,Dark Lighted,Clear,Dry,Driver,20,Male,East,Negotiating A Curve,Speed To Fast For Conditions,No Apparent Influence,No Apparent Influence,,,,,,,,,33.4293907,-111.9331388
-111.969418,33.40921364,3922167,2021/11/04 05:32:00+00,2021,Broadway Rd,52nd St,50,Intersection Related 206,0,1,Fatal,Other,Dark Lighted,Clear,Dry,Pedestrian,45,Male,South,Crossing Road,Failed To Yield Right Of Way,No Apparent Influence,No Apparent Influence,Driver,47,Male,East,Negotiating A Curve,No Improper Action,No Apparent Influence,No Apparent Influence,33.40921364,-111.969418
-111.9355632,33.37159358,3922173,2021/12/10 14:49:00+00,2021,Mill Ave,Forest Ave,-370,Not Junction Related,0,1,Fatal,Other,Daylight,Clear,Wet,Driver,35,Male,Southeast,Negotiating A Curve,Exceeded Lawful Speed,No Apparent Influence,No Apparent Influence,Pedestrian,68,Male,Southeast,Walking With Traffic,No Improper Action,No Apparent Influence,No Apparent Influence,33.37159358,-111.9355632
-111.9284265,33.33850623,4005721,2022/01/14 12:22:00+00,2022,Rural Rd,El Freda Rd,74,Not Junction Related,0,1,Fatal,Other,Dark Lighted,Clear,Dry,Driver,78,Male,South,Going Straight Ahead,Failed To Keep In Proper Lane,No Apparent Influence,No Apparent Influence,Pedestrian,59,Female,West,Other,No Improper Action,No Apparent Influence,No Apparent Influence,33.33850623,-111.9284265
-111.9284168,33.33506729,3937243,2022/01/14 12:30:00+00,2022,Rural Rd,Warner Rd,150,Unknown,0,1,Fatal,Other,Unknown 51,Unknown,Unknown,Driver,121,Unknown,South,Unknown,Unknown,No Apparent Influence,No Apparent Influence,Pedestrian,59,Female,Unknown,Standing,Unknown,No Apparent Influence,No Apparent Influence,33.33506729,-111.9284168
-111.9608522,33.41761599,3962599,2022/02/03 23:38:00+00,2022,10th Pl,Priest Dr,0,Intersection T Inter 203,0,1,Fatal,Other,Daylight,Clear,Dry,Pedalcyclist,27,Female,Northeast,Making Left Turn,Made Improper Turn,No Apparent Influence,No Apparent Influence,Driver,26,Male,Southeast,Making Right Turn,No Improper Action,No Apparent Influence,No Apparent Influence,33.41761599,-111.9608522
-111.9608549,33.41805403,3948524,2022/02/03 23:38:00+00,2022,Priest Dr,10th Pl,0,Unknown,0,1,Fatal,Other,Daylight,Unknown,Unknown,Pedalcyclist,27,Female,Unknown,Unknown,Unknown,No Apparent Influence,No Apparent Influence,Driver,121,Unknown,Unknown,Unknown,Unknown,No Apparent Influence,No Apparent Influence,33.41805403,-111.9608549
-111.9522114,33.42075316,3948528,2022/02/05 07:00:00+00,2022,Hardy Dr,9th St,0,Unknown,0,1,Fatal,Single Vehicle,Unknown 51,Unknown,Unknown,Driver,27,Male,Unknown,Unknown,Unknown,No Apparent Influence,No Apparent Influence,,,,,,,,,33.42075316,-111.9522114
-111.9522132,33.42096919,4041052,2022/02/05 13:41:00+00,2022,Hardy Dr,9th St,-54,Not Junction Related,0,1,Fatal,Single Vehicle,Dark Lighted,Clear,Dry,Driver,27,Male,South,Overtaking Passing,Exceeded Lawful Speed,No Apparent Influence,No Apparent Influence,,,,,,,,,33.42096919,-111.9522132
-111.9091823,33.38767905,3933119,2022/02/19 11:41:00+00,2022,McClintock Dr,Hermosa Dr,0,Intersection T Inter 203,0,1,Fatal,Other,Dark Lighted,Clear,Dry,Driver,255,Male,North,Going Straight Ahead,Speed To Fast For Conditions,No Apparent Influence,No Apparent Influence,Pedestrian,23,Male,West,Crossing Road,No Improper Action,Alcohol,Drugs,33.38767905,-111.9091823
-111.926306,33.40206048,3927987,2022/02/26 18:22:00+00,2022,Rural Rd,Loma Vista Dr,0,Intersection T Inter 203,2,1,Fatal,Left Turn,Daylight,Clear,Dry,Driver,83,Male,South,Making Left Turn,Failed To Yield Right Of Way,No Apparent Influence,No Apparent Influence,Driver,39,Male,North,Going Straight Ahead,Exceeded Lawful Speed,No Apparent Influence,No Apparent Influence,33.40206048,-111.926306
-111.9611525,33.38136321,3933120,2022/02/27 23:54:00+00,2022,Priest Dr,Darrow Dr,285,Not Junction Related,1,1,Fatal,Single Vehicle,Daylight,Cloudy,Dry,Driver,44,Male,North,Negotiating A Curve,Speed To Fast For Conditions,No Apparent Influence,No Apparent Influence,,,,,,,,,33.38136321,-111.9611525
-111.9092614,33.37842427,3968579,2022/03/14 07:00:00+00,2022,Baseline Rd,McClintock Dr,0,Unknown,0,1,Fatal,Single Vehicle,Unknown 51,Unknown,Unknown,Driver,72,Male,Unknown,Unknown,Unknown,No Apparent Influence,No Apparent Influence,,,,,,,,,33.37842427,-111.9092614
-111.9092613,33.37842427,4034238,2022/03/14 18:30:00+00,2022,McClintock Dr,Baseline Rd,0,Intersection 4 Way 202,2,1,Fatal,Angle - Other Than Left Turn 2,Daylight,Clear,Dry,Driver,85,Male,North,Going Straight Ahead,Disregarded Traffic Signal,No Apparent Influence,No Apparent Influence,Driver,72,Male,West,Going Straight Ahead,No Improper Action,No Apparent Influence,No Apparent Influence,33.37842427,-111.9092613
-111.9608107,33.41201266,3978742,2022/05/02 04:23:00+00,2022,Priest Dr,15th St,-115,Not Junction Related,0,1,Fatal,Other,Dark Lighted,Clear,Dry,Pedestrian,37,Female,West,Crossing Road,Failed To Yield Right Of Way,No Apparent Influence,No Apparent Influence,Driver,21,Male,South,Going Straight Ahead,No Improper Action,No Apparent Influence,No Apparent Influence,33.41201266,-111.9608107
-111.9457347,33.34919917,3986532,2022/07/16 13:02:00+00,2022,Elliot Rd,Kyrene Rd,0,Intersection 4 Way 202,0,1,Fatal,Left Turn,Daylight,Clear,Dry,Driver,27,Male,East,Making Left Turn,Disregarded Traffic Signal,No Apparent Influence,No Apparent Influence,Driver,32,Female,West,Going Straight Ahead,No Improper Action,No Apparent Influence,No Apparent Influence,33.34919917,-111.9457347
-111.9045419,33.42204862,4040344,2022/08/26 04:44:00+00,2022,University Dr,Perry Ln,100,Unknown,0,1,Fatal,Other,Unknown 51,Unknown,Unknown,Pedalcyclist,55,Female,North,Unknown,Unknown,No Apparent Influence,No Apparent Influence,Driver,121,Unknown,West,Unknown,Unknown,No Apparent Influence,No Apparent Influence,33.42204862,-111.9045419
-111.9653884,33.42194329,3978743,2022/08/26 16:15:00+00,2022,University Dr,Lindon Ln,-45,Intersection Related 206,1,1,Fatal,Other,Daylight,Clear,Dry,Pedestrian,21,Female,North,Crossing Road,Other,No Apparent Influence,No Apparent Influence,Driver,26,Male,West,Going Straight Ahead,No Improper Action,No Apparent Influence,No Apparent Influence,33.42194329,-111.9653884
-111.8925114,33.38217829,4047630,2022/09/13 22:59:00+00,2022,Price Rd,Minton Dr,37,Intersection Related 206,0,1,Fatal,Single Vehicle,Daylight,Clear,Dry,Driver,45,Male,South,Negotiating A Curve,Speed To Fast For Conditions,Alcohol,No Apparent Influence,,,,,,,,,33.38217829,-111.8925114
-111.9281439,33.39294851,4036510,2022/09/17 17:56:00+00,2022,Southern Ave,Rural Rd,-555,Not Junction Related,0,1,Fatal,Other,Daylight,Clear,Dry,Pedestrian,57,Male,North,Crossing Road,Failed To Yield Right Of Way,No Apparent Influence,No Apparent Influence,Driver,31,Male,East,Going Straight Ahead,No Improper Action,No Apparent Influence,No Apparent Influence,33.39294851,-111.9281439
-111.9413659,33.37822062,4038076,2022/10/05 02:15:00+00,2022,Baseline Rd,Ash Ave,50,Not Junction Related,0,1,Fatal,Other,Dark Lighted,Clear,Dry,Pedestrian,61,Male,South,Crossing Road,Failed To Yield Right Of Way,No Apparent Influence,No Apparent Influence,Driver,20,Female,West,Going Straight Ahead,No Improper Action,No Apparent Influence,No Apparent Influence,33.37822062,-111.9413659
-111.8928908,33.42203213,4073786,2023/02/09 03:08:00+00,2023,University Dr,Price Rd,-286,Not Junction Related,1,1,Fatal,Other,Dark Lighted,Clear,Dry,Pedestrian,35,Male,South,Crossing Road,Failed To Yield Right Of Way,No Apparent Influence,No Apparent Influence,Pedestrian,37,Female,South,Crossing Road,Failed To Yield Right Of Way,No Apparent Influence,No Apparent Influence,33.42203213,-111.8928908
-111.9349114,33.40016584,4049228,2023/02/14 12:38:00+00,2023,Alameda Dr,College Ave,0,Intersection 4 Way 202,0,1,Fatal,Other,Dark Lighted,Clear,Dry,Pedalcyclist,55,Male,North,Going Straight Ahead,Ran Stop Sign,No Apparent Influence,No Apparent Influence,Driver,62,Male,West,Going Straight Ahead,No Improper Action,No Apparent Influence,No Apparent Influence,33.40016584,-111.9349114
-111.9609749,33.42562034,4108853,2023/02/19 02:55:00+00,2023,Priest Dr,5th St,0,Unknown,0,1,Fatal,Other,Unknown 51,Unknown,Unknown,Driver,122,Unknown,Unknown,Unknown,Unknown,No Apparent Influence,No Apparent Influence,Pedestrian,12,Female,Unknown,Unknown,Unknown,No Apparent Influence,No Apparent Influence,33.42562034,-111.9609749
-111.9176894,33.42201868,4090797,2023/03/04 00:30:00+00,2023,University Dr,Dorsey Ln,0,Intersection 4 Way 202,1,1,Fatal,Left Turn,Daylight,Clear,Dry,Driver,24,Female,West,Making Left Turn,Failed To Yield Right Of Way,No Apparent Influence,No Apparent Influence,Driver,36,Male,East,Going Straight Ahead,No Improper Action,No Apparent Influence,No Apparent Influence,33.42201868,-111.9176894
-111.9628734,33.35183006,4049791,2023/03/04 07:35:00+00,2023,Priest Dr,Grove Pkwy,180,Driveway Or Alley,1,1,Fatal,Single Vehicle,Dark Lighted,Clear,Dry,Driver,23,Male,South,Going Straight Ahead,Speed To Fast For Conditions,Alcohol,No Apparent Influence,,,,,,,,,33.35183006,-111.9628734
-111.9005556,33.39298061,4103270,2023/03/13 00:00:00+00,2023,Country Club Way,Southern Ave,0,Unknown,3,1,Fatal,Unknown,Unknown 51,Unknown,Unknown,Driver,21,Male,Unknown,Unknown,Unknown,No Apparent Influence,No Apparent Influence,Driver,122,Unknown,Unknown,Unknown,Unknown,No Apparent Influence,No Apparent Influence,33.39298061,-111.9005556
-111.9148515,33.3491311,4024730,2023/03/15 16:24:00+00,2023,Elliot Rd,Willow Dr,0,Intersection T Inter 203,1,1,Fatal,Angle - Other Than Left Turn 2,Daylight,Rain,Wet,Driver,34,Male,South,Making Left Turn,Failed To Yield Right Of Way,No Apparent Influence,No Apparent Influence,Driver,89,Female,West,Going Straight Ahead,No Improper Action,No Apparent Influence,No Apparent Influence,33.3491311,-111.9148515
-111.906846,33.34916886,4103277,2023/03/19 02:17:00+00,2023,Elliot Rd,Los Feliz Dr,0,Intersection Related 206,0,1,Fatal,Other,Unknown 51,Unknown,Unknown,Driver,58,Male,West,Unknown,Unknown,Alcohol,No Apparent Influence,Driver,122,Unknown,East,Going Straight Ahead,Unknown,No Apparent Influence,No Apparent Influence,33.34916886,-111.906846
-111.9266321,33.38280679,4103278,2023/03/19 05:11:00+00,2023,Rural Rd,Lakeshore Dr,200,Unknown,0,1,Fatal,Rear End,Unknown 51,Unknown,Unknown,Driver,41,Male,South,Unknown,Speed To Fast For Conditions,No Apparent Influence,No Apparent Influence,Driver,122,Unknown,South,Unknown,Unknown,No Apparent Influence,No Apparent Influence,33.38280679,-111.9266321
-111.9635849,33.39286354,4131181,2023/03/29 21:30:00+00,2023,Southern Ave,Clementine Dr,0,Unknown,0,1,Fatal,Head On,Unknown 51,Unknown,Unknown,Driver,122,Unknown,Unknown,Unknown,Speed To Fast For Conditions,No Apparent Influence,No Apparent Influence,Driver,122,Unknown,Unknown,Unknown,Unknown,No Apparent Influence,No Apparent Influence,33.39286354,-111.9635849
-111.9547333,33.44449675,4154517,2023/03/30 18:07:00+00,2023,Center Pkwy,Priest Dr,58,Intersection Related 206,0,1,Fatal,Other,Daylight,Clear,Dry,Driver,53,Male,West,Making Right Turn,Unknown,No Apparent Influence,No Apparent Influence,Pedestrian,63,Female,South,Crossing Road,No Improper Action,No Apparent Influence,No Apparent Influence,33.44449675,-111.9547333
-111.9396617,33.41587832,4049230,2023/04/01 09:55:00+00,2023,Mill Ave,Apache Blvd,-65,Not Junction Related,0,1,Fatal,Single Vehicle,Dark Lighted,Clear,Dry,Driver,43,Male,North,Negotiating A Curve,Failed To Keep In Proper Lane,Alcohol,No Apparent Influence,,,,,,,,,33.41587832,-111.9396617
-111.8832842,33.39302814,4153630,2023/04/07 21:55:00+00,2023,Southern Ave,Evergreen Rd,0,Unknown,0,1,Fatal,Single Vehicle,Unknown 51,Unknown,Unknown,Driver,88,Female,Unknown,Unknown,Unknown,No Apparent Influence,No Apparent Influence,,,,,,,,,33.39302814,-111.8832842
-111.9262892,33.42884843,4109328,2023/04/26 10:00:00+00,2023,Scottsdale Rd,Rio Salado Pkwy,0,Unknown,0,1,Fatal,Single Vehicle,Unknown 51,Unknown,Unknown,Driver,19,Female,Unknown,Unknown,Unknown,No Apparent Influence,No Apparent Influence,,,,,,,,,33.42884843,-111.9262892
-111.9112568,33.36376447,4126312,2023/05/07 16:22:00+00,2023,McClintock Dr,Guadalupe Rd,0,Intersection 4 Way 202,2,1,Fatal,Left Turn,Daylight,Clear,Dry,Driver,17,Male,North,Making Left Turn,Failed To Yield Right Of Way,No Apparent Influence,No Apparent Influence,Driver,82,Female,South,Going Straight Ahead,No Improper Action,No Apparent Influence,No Apparent Influence,33.36376447,-111.9112568
-111.916297,33.42201335,4103693,2023/06/17 22:54:00+00,2023,University Dr,Dorsey Ln,425,Driveway Or Alley,2,1,Fatal,Angle - Other Than Left Turn 2,Daylight,Clear,Dry,Driver,20,Male,East,Changing Lanes,Speed To Fast For Conditions,No Apparent Influence,No Apparent Influence,Driver,43,Female,North,Making Left Turn,No Improper Action,No Apparent Influence,No Apparent Influence,33.42201335,-111.916297
-111.9262892,33.42884843,4187879,2023/09/29 07:00:00+00,2023,Rural Rd,Rio Salado Pkwy,0,Unknown,0,1,Fatal,Other,Unknown 51,Unknown,Unknown,Driver,122,Unknown,Unknown,Unknown,Unknown,No Apparent Influence,No Apparent Influence,Pedestrian,58,Male,Unknown,Unknown,Unknown,No Apparent Influence,No Apparent Influence,33.42884843,-111.9262892
-111.9334827,33.42941269,4115338,2023/10/12 05:12:00+00,2023,Rio Salado Pkwy,Packard Dr,0,Not Junction Related,0,1,Fatal,Single Vehicle,Dark Lighted,Clear,Dry,Driver,52,Male,East,Going Straight Ahead,Failed To Keep In Proper Lane,Alcohol,Drugs,,,,,,,,,33.42941269,-111.9334827
-111.9286557,33.37218161,4120163,2023/11/12 01:04:00+00,2023,Rural Rd,Southshore Dr,25,Intersection Related 206,0,1,Fatal,Other,Dark Lighted,Clear,Dry,Pedestrian,45,Male,East,Crossing Road,Disregarded Traffic Signal,Alcohol,Drugs,Driver,23,Female,North,Going Straight Ahead,No Improper Action,No Apparent Influence,No Apparent Influence,33.37218161,-111.9286557
-111.9494765,33.37820278,4160141,2023/12/01 00:13:00+00,2023,Baseline Rd,S Roosevelt St,-550,Not Junction Related,0,1,Fatal,Other,Dark Lighted,Rain,Wet,Driver,31,Male,West,Changing Lanes,Speed To Fast For Conditions,No Apparent Influence,No Apparent Influence,Driver,57,Male,West,Going Straight Ahead,No Improper Action,No Apparent Influence,No Apparent Influence,33.37820278,-111.9494765
